동물,개구리
도구,그물
캐릭터,헐크
직업,스님
장소,독도
주방,소금
장소,미술관
신체,허리
직업,대통령
스포츠,야구
스포츠,럭비
여름,부채
장소,놀이터
음식,샌드위치
직업,교수
여행,호텔
전자제품,가습기
캐릭터,해리포터
신체,발가락
도구,바늘
여행,열기구
인물,간디
도구,저울
동물,호랑이
자동차,블랙박스
기념일,크리스마스
동물,너구리
동화,백설공주
인물,에디슨
동화,알라딘
엔터테인먼트,서커스
유적,만리장성
인물,베토벤
아이돌,소녀시대
직업,소방관
캐릭터,둘리
동물,앵무새
캐릭터,슈퍼맨
동물,복어
도구,옷걸이
동물,타조
악기,탬버린
동물,펠리칸
주방,앞치마
동화,신데렐라
동물,토끼
여름,튜브
겨울,산타클로스
동물,딱따구리
동물,햄스터
취미,바둑
동물,낙타
음식,족발
도구,맷돌
캐릭터,배트맨
인물,우사인볼트
동물,하마
직업,탐정
자동차,에어백